id_str	target	hate speech	aggressiveness	offensiveness	irony	stereotype
782117718791221248	ethnic group	no	no	no	no	no
782128837496745984	religion	no	no	no	no	no
782142959789670401	ethnic group	no	no	no	no	no
782145460664463360	Roma	no	no	no	no	no
782165094318956548	ethnic group	no	weak	no	no	yes
782195284105371648	Roma	yes	no	strong	no	yes
782204731959734272	Roma	no	no	no	no	yes
782241280659169281	Roma	yes	strong	weak	no	yes
782268118194229248	Roma	no	no	no	no	no
782349137257922560	Roma	no	no	no	no	no
782462957842300930	ethnic group	no	no	no	no	no
782508027815485442	Roma	no	no	no	no	yes
782512181707440128	Roma	no	weak	no	no	no
782559406311477248	Roma	yes	weak	no	no	yes
782563896934666240	Roma	no	no	no	no	no
782584588103278597	ethnic group	no	strong	strong	no	yes
782588461006090240	religion	no	no	no	no	no
782596951283933184	religion	yes	weak	weak	no	yes
782614667759849472	ethnic group	yes	weak	no	yes	yes
782627058115641345	religion	yes	weak	no	no	yes
782640781290983424	ethnic group	no	no	no	no	no
782686657732640768	religion	yes	strong	no	no	yes
782787286857494528	ethnic group	no	no	no	no	no
782838281444683776	ethnic group	no	no	no	no	no
782838442044559361	ethnic group	yes	weak	weak	no	no
782861476126162944	religion	no	no	no	no	no
782881912247447553	ethnic group	yes	strong	no	no	no
782885700588937216	Roma	no	no	no	no	yes
782928453872062464	religion	yes	strong	no	no	no
782937100014460928	Roma	no	no	no	yes	yes
782954875701166080	ethnic group	no	no	no	no	no
782964769670201346	ethnic group	no	no	no	no	no
782964889363111936	ethnic group	yes	weak	weak	yes	no
782984070078795776	Roma	no	no	no	no	no
782994611656593408	ethnic group	no	no	no	no	no
783230960875765760	ethnic group	no	no	no	no	no
783268187286671360	ethnic group	no	weak	no	no	yes
783279761347018752	ethnic group	no	no	no	yes	yes
783280663365574656	ethnic group	yes	strong	strong	no	yes
783309188260831232	ethnic group	no	no	no	no	no
783313916256477184	religion	yes	strong	weak	no	yes
783327159465218048	ethnic group	no	no	no	no	no
783329689318330368	ethnic group	no	no	no	yes	no
783338814425092096	ethnic group	yes	weak	weak	no	yes
783397402929758208	ethnic group	no	no	no	no	no
783554861371719680	ethnic group	yes	weak	weak	no	yes
783587756752506880	ethnic group	no	no	no	no	no
783676262808113154	ethnic group	no	no	no	no	no
783707213076500480	Roma	no	no	no	no	no
783748112355581955	religion	yes	strong	weak	no	yes
783755851182014468	ethnic group	no	strong	strong	no	no
783773921019650048	Roma	no	no	no	no	no
783926619941527552	Roma	no	no	no	no	no
783934877661995008	religion	no	no	no	no	no
783959973554491392	ethnic group	no	no	no	yes	no
783960808774664193	Roma	yes	weak	weak	no	yes
783981255171969024	ethnic group	no	no	no	no	no
783987466697146368	Roma	yes	no	weak	no	yes
784004785720684544	ethnic group	no	no	no	no	no
784020270797512704	ethnic group	no	no	no	no	no
784025768145936385	ethnic group	no	no	no	yes	yes
784034567179108352	ethnic group	no	no	no	no	no
784035762236952577	Roma	yes	weak	no	no	yes
784083800393412608	ethnic group	no	no	no	no	no
784088126314676224	ethnic group	no	no	no	no	no
784095070534369280	ethnic group	no	no	no	no	no
784096711992115200	religion	no	no	no	no	no
784128028645392384	ethnic group	no	no	no	no	no
784286894322438144	ethnic group	no	no	no	no	no
784288908288724993	ethnic group	no	weak	no	no	no
784299747406327808	religion	no	no	no	no	no
784324392264175616	religion	yes	strong	no	no	yes
784339568417832960	ethnic group	no	no	no	no	no
784358453233983488	ethnic group	no	no	no	no	no
784375515343884288	religion	no	no	no	no	no
784547646421753856	ethnic group	yes	strong	strong	no	yes
784563090381762560	ethnic group	no	no	no	no	no
784571660921962496	Roma	yes	strong	no	no	yes
784610367687229440	ethnic group	no	no	no	no	no
784623293445922816	ethnic group	no	no	no	no	yes
784650287130746880	religion	no	no	no	no	no
784662160265867264	ethnic group	no	no	no	no	no
784823213687762944	ethnic group	no	no	no	no	no
784825799845220354	Roma	no	no	no	no	no
784826073599049728	Roma	yes	weak	no	no	yes
784829485958987777	ethnic group	no	no	no	no	no
785026343587250176	ethnic group	no	no	strong	no	no
785074108300009473	ethnic group	no	no	no	no	no
785104488117903360	ethnic group	no	no	no	no	no
785129756354342912	Roma	no	no	no	no	yes
785164297274032128	ethnic group	yes	weak	no	no	yes
785168210026954752	religion	no	no	no	no	no
785221715890765825	ethnic group	no	no	no	no	no
785244073204584448	ethnic group	no	no	no	no	no
785321429000749057	religion	no	no	no	no	no
785361434091855872	religion	yes	weak	no	no	yes
785378757460623360	religion	no	no	no	no	no
785397803392655360	religion	no	no	no	no	no
785434915349340160	ethnic group	yes	no	weak	no	yes
785477723502284801	religion	no	no	no	yes	no
785551308220690432	religion	no	no	no	no	no
785573974365306881	ethnic group	yes	weak	no	no	yes
785618295114371072	religion	no	no	no	no	no
785781321255809024	religion	no	no	no	no	no
785802668820140037	religion	no	no	no	no	no
785819618925506560	ethnic group	no	no	no	no	no
785833217035235328	ethnic group	no	no	no	no	no
785859795765059586	ethnic group	no	no	no	no	no
785890511068524544	ethnic group	no	no	no	no	no
785903794118811648	Roma	no	no	no	no	no
785940154846441472	religion	no	no	no	no	no
785956605930143744	Roma	no	no	no	no	no
786060655946264576	Roma	no	no	no	no	no
786094811438866433	Roma	no	no	no	no	no
786107521454968832	Roma	no	no	no	no	no
786108104693915648	ethnic group	no	no	no	no	no
786113424136822784	Roma	no	no	no	no	no
786119098694524928	ethnic group	no	no	no	no	no
786127851426869248	ethnic group	no	no	no	no	no
786256822919241729	ethnic group	no	no	no	no	no
786294386116136960	ethnic group	no	no	no	no	no
786314655379648513	religion	no	no	no	no	no
786329124273057800	religion	no	no	no	no	no
786334954565226497	Roma	yes	strong	strong	no	yes
786352208027619328	Roma	yes	weak	no	no	yes
786445005531455488	religion	yes	no	weak	no	yes
786482214162800640	ethnic group	no	no	no	no	yes
786490557560487936	ethnic group	no	no	no	no	no
786523308900614144	ethnic group	no	no	no	no	no
786588328460218368	Roma	yes	weak	no	no	yes
786636987574870016	Roma	no	no	no	no	yes
786656758215368710	ethnic group	no	no	no	no	no
786691742489841664	ethnic group	no	no	no	no	no
786916701690531844	ethnic group	no	no	no	no	no
786922528275128321	ethnic group	no	no	no	no	yes
786944696996200450	ethnic group	no	weak	no	yes	yes
786964008876343296	religion	no	no	no	no	no
787169084320256000	ethnic group	no	no	no	no	yes
787261172605194243	ethnic group	no	no	no	no	no
787262462676520960	Roma	no	no	no	no	yes
787397683698929664	ethnic group	no	no	no	no	no
787579424191504384	ethnic group	no	no	no	no	no
787631083462488064	ethnic group	no	weak	weak	no	yes
787671590171533312	ethnic group	no	no	no	no	no
787781140530749440	religion	no	no	no	no	no
787811086019989504	religion	no	no	strong	yes	no
787898361563275265	religion	no	no	no	no	no
787954988840521728	ethnic group	no	weak	no	yes	no
787957208059351040	ethnic group	no	no	no	no	no
787982014708326401	ethnic group	no	no	no	no	no
788007765234987008	ethnic group	no	no	no	no	no
788070890810597376	Roma	no	no	no	no	yes
788082558282174464	Roma	no	no	no	no	no
788112502001246208	ethnic group	no	no	no	no	no
788172672362512385	ethnic group	no	no	no	no	no
788248475263700992	religion	yes	strong	strong	no	yes
788310535389446144	Roma	yes	weak	strong	no	yes
788364423920513024	ethnic group	no	no	no	no	no
788407886959484928	ethnic group	no	no	no	no	no
788417675047399424	ethnic group	no	no	no	no	no
788418283032674304	ethnic group	no	no	no	yes	no
788431588589789184	ethnic group	yes	weak	weak	no	yes
788446419648647169	ethnic group	yes	weak	no	no	yes
788487444731691009	ethnic group	no	weak	no	no	no
788780569052188672	ethnic group	no	no	no	no	no
788830297790017536	Roma	no	no	no	no	no
788840798490136577	ethnic group	no	no	no	no	no
788856258296250368	ethnic group	no	no	no	no	no
789089717723725824	ethnic group	no	no	no	no	no
789137844967137280	ethnic group	no	no	no	no	no
789160874028048384	Roma	no	no	no	no	no
789188840875433984	religion	no	no	no	no	no
789197299037634560	ethnic group	no	no	no	no	no
789198534570500097	religion	no	no	no	no	no
789354854166691840	Roma	no	no	no	no	yes
789371934400188417	religion	no	no	no	no	no
789419012409221120	Roma	no	no	no	no	yes
789497235016937472	ethnic group	no	no	no	no	no
789572244418813952	religion	yes	strong	no	no	yes
789592420132515840	religion	no	no	no	no	no
789596919681146880	ethnic group	no	no	no	no	no
789760195555713024	religion	no	no	no	no	no
789867513723117568	religion	no	no	no	no	no
789953125520211968	religion	no	no	no	no	no
790012485608824833	Roma	no	no	no	no	yes
790016161148796929	ethnic group	no	no	no	no	no
790140209773944834	religion	no	no	no	no	no
790146254818906112	ethnic group	no	no	no	no	no
790250200006791172	ethnic group	no	no	no	no	no
790268140265566208	Roma	no	no	no	no	no
790271899569942528	Roma	no	weak	no	no	no
790334343612882944	religion	no	no	no	no	no
790474797817982976	ethnic group	no	no	no	no	no
790522240899035138	religion	no	no	no	no	no
790528855836651520	ethnic group	no	no	no	no	no
790672827548569600	ethnic group	no	no	no	no	no
790771881267855360	ethnic group	no	no	no	no	no
790782357976604672	ethnic group	no	no	no	no	no
790784490813652992	ethnic group	no	no	no	yes	no
790792320954269696	ethnic group	no	no	no	no	no
790835414466789376	ethnic group	no	no	no	no	yes
790841120192401408	ethnic group	no	no	no	no	no
790858137808928768	Roma	no	no	no	no	no
790874332054556673	Roma	yes	weak	strong	yes	yes
790875478391451648	ethnic group	no	no	no	yes	no
790891436602449920	ethnic group	no	no	no	no	no
790895137853407232	religion	no	no	no	no	no
790895577089372160	ethnic group	no	no	no	no	no
790940837135908864	religion	no	no	no	no	no
790952215594823680	ethnic group	no	no	no	no	no
790961497170141184	ethnic group	no	no	no	no	no
790984955396489217	ethnic group	no	no	no	no	no
790985467822997504	ethnic group	no	no	no	yes	no
790986624511438848	ethnic group	no	weak	weak	no	no
790993968741789696	ethnic group	no	no	no	no	no
791190994599444480	ethnic group	no	no	no	no	no
791197198461591552	religion	yes	strong	strong	no	yes
791206624140595200	ethnic group	no	no	no	no	no
791221399205675008	ethnic group	no	weak	no	no	no
791222825814228992	religion	no	no	no	no	no
791262026706198528	ethnic group	no	no	no	no	no
791309521410985984	ethnic group	no	no	no	yes	no
791309962060427264	ethnic group	no	no	no	no	no
791312601498222593	Roma	no	no	no	no	no
791325834451808256	Roma	yes	weak	no	yes	yes
791326308047396864	ethnic group	no	no	no	no	no
791335220511399936	ethnic group	no	no	no	no	no
791340853050613760	religion	no	no	no	no	no
791384312541224960	Roma	no	no	no	no	yes
791537426388877312	religion	no	no	no	no	no
791561433360244736	Roma	no	no	no	no	no
791564058365399040	religion	no	no	no	no	no
791568532882464768	ethnic group	no	no	no	no	no
791573803776282624	religion	no	no	no	no	yes
791580058049769472	ethnic group	no	no	no	no	no
791593651356962816	ethnic group	no	no	no	no	no
791612669379895296	ethnic group	no	no	no	no	no
791631212699844608	religion	no	no	no	no	no
791665817544974336	ethnic group	no	no	no	no	yes
791709885574504448	ethnic group	no	no	no	no	no
791726196035821568	ethnic group	yes	weak	weak	no	yes
791735658268229633	ethnic group	no	no	no	no	no
791762375573696512	ethnic group	no	no	no	no	no
791877224064573440	ethnic group	no	weak	no	yes	yes
791908780887769088	ethnic group	no	no	no	no	no
791946383435509760	ethnic group	no	no	no	no	no
791965889050488832	ethnic group	no	no	no	no	yes
791969163531124736	ethnic group	no	no	no	no	no
791999674630766592	ethnic group	no	no	no	no	no
792001708603895808	religion	no	no	no	no	no
792027181710991361	ethnic group	no	no	no	no	no
792028741652316160	ethnic group	no	no	no	no	no
792042299211522048	ethnic group	no	no	no	yes	no
792045289817243648	ethnic group	yes	weak	no	yes	no
792064244774735872	ethnic group	yes	weak	no	no	yes
792088066710274048	ethnic group	no	no	no	no	no
792116650644353024	Roma	no	weak	no	no	no
792319392021348352	ethnic group	no	no	no	no	no
792326930930536448	Roma	yes	weak	no	no	yes
792332417105272832	ethnic group	no	no	no	no	no
792372339354861568	religion	yes	strong	strong	no	yes
792420555349569538	ethnic group	no	no	no	no	no
792479514391707649	ethnic group	no	no	no	no	no
792577028721696768	Roma	no	no	no	no	no
792617333042798592	Roma	no	no	no	no	yes
792638875478949888	ethnic group	no	no	no	no	no
792703974013009920	religion	no	no	no	no	no
792715213304758272	ethnic group	yes	no	weak	no	yes
792737250366881792	ethnic group	yes	weak	no	no	yes
792804438889168897	religion	yes	strong	no	no	yes
792961371705147393	ethnic group	no	no	no	no	yes
793059723994103808	Roma	no	no	no	no	no
793069733176369153	religion	no	no	no	no	no
793077621319933952	religion	yes	strong	weak	no	yes
793087779471228928	ethnic group	no	weak	weak	yes	no
793153163650015232	Roma	no	no	no	no	no
793161196480389121	Roma	no	no	no	no	yes
793171482860027906	ethnic group	yes	no	strong	no	yes
793321979705163776	ethnic group	no	no	no	no	no
793375227191365632	Roma	no	no	no	no	no
793398541553106944	Roma	yes	weak	weak	no	yes
793513214705274881	ethnic group	no	no	no	no	no
793514083349848064	ethnic group	yes	strong	weak	no	yes
793521611488067585	ethnic group	no	weak	weak	yes	yes
793551957252341760	ethnic group	no	no	no	no	no
793700141664534528	ethnic group	no	no	no	yes	no
798849982136655873	Roma	no	no	no	no	no
798929884202442752	ethnic group	no	no	no	no	no
798971408764305410	Roma	yes	weak	weak	no	yes
799080136243113984	Roma	no	no	no	no	yes
799120165879316480	Roma	no	no	no	no	yes
799227664846520320	ethnic group	no	no	no	no	no
799257452936134656	Roma	no	no	no	no	no
799263922461310976	religion	no	no	no	no	no
799265313124585472	ethnic group	no	no	no	no	no
799284908011229184	religion	yes	strong	no	no	yes
799289738796683265	Roma	no	weak	no	no	no
799310114742304770	Roma	no	no	no	no	no
799330847463710720	ethnic group	no	no	no	no	no
799390153613725696	ethnic group	no	no	no	no	no
799410610270334976	Roma	no	no	no	no	no
799551773367238656	ethnic group	no	no	no	no	no
799555339360370689	ethnic group	no	no	no	no	no
799580440407445505	religion	no	no	no	no	no
799584283522236416	Roma	no	no	no	no	no
799609679760465920	religion	no	no	no	no	no
799650731779358720	ethnic group	no	no	weak	no	yes
799652556137824256	Roma	no	no	no	no	no
799711221385691137	Roma	no	no	no	no	no
799925871582789632	ethnic group	yes	no	weak	yes	yes
799940351490306048	ethnic group	no	no	no	no	no
799950183131910144	religion	no	no	no	no	no
799954569346301952	ethnic group	yes	weak	no	yes	yes
799958408837337088	ethnic group	no	no	no	no	no
799977567210061824	Roma	no	no	no	no	yes
799985919663149056	ethnic group	no	no	no	no	yes
800001280534081536	Roma	yes	weak	weak	no	yes
800031888173891584	ethnic group	no	no	no	no	no
800043079541673988	ethnic group	no	no	no	no	no
800110916905955328	religion	no	no	no	no	no
800228040236265473	religion	no	no	no	no	yes
800277682995003393	ethnic group	no	no	no	no	no
800299013820055552	ethnic group	no	no	no	no	no
800317304156192768	ethnic group	no	no	no	no	no
800325652205465601	ethnic group	no	no	no	no	no
800330741741547520	religion	no	no	weak	yes	yes
800351847395590144	ethnic group	no	no	strong	yes	no
800386103056416768	ethnic group	no	no	no	no	no
800389098406113285	Roma	no	no	no	no	no
800402690530574336	religion	yes	strong	strong	no	yes
800590822446133248	ethnic group	no	no	no	no	no
800598566309863424	religion	no	no	no	no	no
800643005287989249	ethnic group	no	no	weak	no	no
800730968466358272	religion	no	no	no	no	no
800747202306043904	ethnic group	no	no	no	no	yes
800750009327243264	Roma	no	no	no	no	yes
800786300257243136	Roma	yes	weak	strong	no	yes
800795054830977029	Roma	yes	weak	no	no	no
800833155536130048	ethnic group	no	no	no	no	no
800833465109385216	religion	no	no	weak	no	yes
800972413957615616	ethnic group	no	no	no	no	no
801008739478163456	ethnic group	no	no	no	no	no
801010470845026304	Roma	no	no	no	no	yes
801031283568758784	ethnic group	no	weak	no	no	no
801031894947086340	Roma	no	no	no	no	no
801044142847508481	Roma	no	no	no	no	no
801066523905445888	ethnic group	no	no	no	no	no
801072752790740992	Roma	no	no	no	no	no
801399001648168962	ethnic group	no	no	no	no	no
801463075694112769	Roma	yes	strong	no	no	yes
801530220293529604	ethnic group	no	no	no	yes	no
801540594363408385	religion	yes	no	weak	yes	yes
801543432179240970	ethnic group	no	no	no	no	no
801700517806243840	religion	no	no	no	no	no
801707702099525632	ethnic group	no	no	no	no	no
801754062198861824	religion	no	no	no	no	no
801760721986093056	ethnic group	no	no	no	no	no
801768760659050501	ethnic group	no	no	no	no	no
801806659312091136	Roma	no	no	no	no	no
801809772584570880	religion	yes	strong	strong	no	yes
801811905899876352	Roma	no	no	no	no	no
801896926979321856	ethnic group	no	no	no	no	no
802050558341287937	ethnic group	no	no	no	no	no
802055168028274688	Roma	no	no	no	no	no
802081588423131136	ethnic group	yes	strong	weak	no	yes
802091193265954816	Roma	no	no	no	no	no
802094496133615616	ethnic group	yes	weak	weak	no	yes
802122240443686912	Roma	no	no	no	no	no
802150527815610368	religion	no	no	no	no	no
802184145375989760	religion	yes	strong	no	no	yes
802489121277181952	Roma	no	no	no	no	no
802517008415911936	Roma	no	no	no	no	no
802529012996337666	Roma	no	no	no	no	no
802603820786352132	ethnic group	yes	no	no	no	yes
802840699024670720	religion	no	no	no	no	no
802964207721451522	Roma	no	no	no	yes	no
802973829475827713	ethnic group	no	no	no	no	no
803134786076377088	religion	yes	strong	no	no	yes
803220333813579776	ethnic group	yes	weak	weak	no	yes
803236142653067264	ethnic group	yes	weak	no	no	yes
803263581009498112	ethnic group	no	no	no	no	no
803295681829945344	ethnic group	yes	weak	weak	no	yes
803311150184153089	ethnic group	no	no	no	no	no
803313690929991680	religion	yes	weak	strong	no	yes
803330661843136512	Roma	yes	weak	no	no	yes
803341250627796992	religion	yes	weak	strong	no	yes
803376526972649472	ethnic group	no	no	no	yes	yes
803536528593092608	Roma	no	no	no	no	yes
803565957595746304	Roma	yes	no	no	no	yes
803586069920813057	Roma	yes	no	strong	no	yes
803601289238216704	religion	no	no	no	no	no
803708040411312128	Roma	yes	strong	no	no	no
803740090073812992	ethnic group	no	no	no	no	yes
803796261073813509	religion	no	no	no	no	no
803836180286541824	religion	no	no	no	no	no
803863687912128512	Roma	no	no	no	no	no
803873262891573249	ethnic group	no	no	no	no	no
803943618377617408	Roma	no	weak	no	no	yes
803955233885974533	religion	no	no	no	no	no
804020699874656260	Roma	no	no	no	no	no
804055701110878217	Roma	yes	weak	weak	no	yes
804075341002264579	ethnic group	no	no	weak	no	yes
804251330562899969	ethnic group	no	no	no	no	no
804264868081790976	ethnic group	no	no	no	no	no
804338503773458432	religion	no	no	no	no	no
804365781068812288	religion	no	no	no	no	no
804606696081465344	Roma	yes	no	weak	no	yes
804623994452381697	Roma	no	no	no	no	no
804624237801521152	Roma	no	no	no	no	yes
804694909097803777	ethnic group	no	no	no	no	no
804722912573931521	ethnic group	no	no	no	no	no
804765921894133763	ethnic group	no	no	no	no	no
804816845178109952	ethnic group	no	no	no	no	no
805145430011035648	ethnic group	no	weak	weak	yes	yes
805327577682477057	ethnic group	no	no	no	no	no
805352162075312128	ethnic group	no	no	no	yes	yes
805384507725647872	ethnic group	yes	no	no	no	yes
805385274087895040	Roma	no	no	no	no	yes
805433543212101632	ethnic group	no	no	no	no	no
805441906830409728	ethnic group	yes	weak	no	no	no
805586049564979200	ethnic group	no	no	no	no	no
805675793263239168	ethnic group	no	no	no	no	no
805677698576216064	ethnic group	no	no	no	no	no
805681121933594624	religion	no	no	no	no	no
805717998099120128	religion	no	no	no	no	no
805731158701068288	ethnic group	no	no	no	no	no
806119357365571584	ethnic group	no	no	no	no	yes
806144970126139392	Roma	no	no	no	no	no
806156637304160257	ethnic group	yes	no	no	no	yes
806167818777534465	ethnic group	no	no	no	no	no
806255204249247744	religion	no	no	no	no	no
806263891084935168	religion	yes	weak	weak	no	yes
806264134203559936	ethnic group	no	no	no	no	no
806400444167782401	religion	no	no	no	no	no
806414689072779268	religion	no	no	no	no	no
806418862317203456	Roma	no	no	no	no	yes
806426194518360064	ethnic group	no	no	no	no	no
806447435904061441	religion	no	no	no	no	no
806450158380679168	Roma	no	no	no	no	no
806458470086176769	religion	yes	no	weak	no	yes
806465004325240832	Roma	yes	no	strong	yes	yes
806543842258264068	Roma	no	no	no	no	no
806644483186040832	ethnic group	no	no	no	no	no
806789683355095041	ethnic group	no	no	no	no	no
806795885564694528	Roma	no	no	no	no	no
806840078102384640	religion	no	no	no	no	no
806851103329550337	ethnic group	no	no	no	no	no
806853289337901056	religion	no	no	no	no	no
806936934832545792	ethnic group	no	weak	no	no	no
806946815941767168	Roma	yes	weak	weak	no	yes
807148035243474944	ethnic group	no	no	no	no	no
807148952483139584	Roma	no	no	no	no	yes
807149061593776128	Roma	no	weak	no	no	yes
807151145277919232	Roma	no	no	no	no	no
807166742984278016	ethnic group	no	no	no	no	no
807192033563705344	ethnic group	no	no	no	no	no
807210233395347456	Roma	no	no	no	no	no
807221074802909184	Roma	no	weak	no	no	yes
807298613516832768	Roma	no	no	no	no	no
807365075409444866	Roma	no	no	no	no	no
807448943181332480	Roma	no	no	no	no	no
807472658610851840	Roma	no	no	weak	yes	yes
807502785768026112	Roma	no	no	no	no	no
807562860314394624	ethnic group	no	no	no	no	no
807605444269182976	Roma	no	no	no	no	no
807640472634224640	religion	no	no	no	no	no
807649017098289152	Roma	no	no	no	no	yes
807686671324086272	Roma	no	no	no	no	yes
807712437998911488	ethnic group	no	no	strong	no	no
807722727259983872	Roma	no	no	no	no	no
807744440249053184	religion	yes	no	weak	no	no
807864351650672640	Roma	no	no	no	no	yes
807873886222159872	Roma	no	no	no	no	yes
807883975406587905	Roma	no	no	no	no	yes
807943386279854080	religion	no	no	no	no	no
808011129876267008	religion	no	no	no	no	no
808013926847889408	religion	no	no	weak	no	no
808027409521983489	religion	no	no	no	no	no
808094662321967105	religion	no	no	no	no	no
808200720637972480	Roma	no	no	no	no	no
808205450256777217	Roma	no	no	weak	yes	yes
808287541275324416	ethnic group	no	no	no	no	no
808322691946180608	ethnic group	no	no	no	yes	no
808325206804692992	Roma	no	no	no	no	no
808331004905717760	Roma	no	no	no	no	no
808378705429098497	ethnic group	no	weak	weak	no	yes
808388809931026432	ethnic group	yes	weak	weak	yes	yes
808398288269561856	religion	no	no	no	no	no
808400282107445250	Roma	yes	no	strong	no	yes
808404361428746246	Roma	no	weak	no	yes	yes
808570455363899392	ethnic group	no	no	no	no	no
808596264640253953	Roma	no	no	no	no	yes
808736969551413248	ethnic group	yes	weak	no	yes	yes
808829071832612864	Roma	yes	no	weak	no	yes
808845776172568576	Roma	no	no	no	no	no
808888725648408576	ethnic group	no	no	no	no	no
808992753757618176	ethnic group	no	no	no	no	no
808999070555578368	religion	no	no	no	no	no
809031206117445632	Roma	no	no	no	no	no
809099575587966976	ethnic group	no	no	no	no	no
809123474862211073	ethnic group	yes	weak	weak	no	yes
809133355530760192	Roma	no	no	no	no	no
809314482367369216	Roma	no	no	no	no	yes
809334105926144001	ethnic group	no	no	no	no	no
809349927499350017	ethnic group	no	no	no	no	no
809360515873013761	religion	yes	strong	strong	no	no
809404979211603968	Roma	no	no	no	no	no
809451815632826368	Roma	no	no	no	no	no
809473358748323841	Roma	no	no	weak	no	yes
809683293331460096	Roma	no	no	no	no	yes
809713329568673792	religion	no	no	no	no	no
809748882334871552	Roma	yes	no	weak	no	yes
809789748260827137	religion	no	no	no	no	no
809846439815905280	Roma	no	weak	weak	no	yes
810061767686713344	Roma	no	no	no	no	yes
810081052446392321	Roma	no	no	no	no	no
810084817710841856	Roma	no	no	no	no	no
810086995682820100	Roma	no	no	no	no	no
810087176134414336	Roma	no	no	no	no	no
810088804908433408	Roma	no	no	no	no	no
810116813182877696	Roma	yes	weak	strong	no	yes
810119100294897664	Roma	no	no	no	no	no
810143401119252480	ethnic group	no	no	no	no	no
810157159099076613	ethnic group	no	no	no	no	no
810162622117060608	religion	no	no	weak	yes	no
810184440982872064	Roma	no	no	no	no	no
810190030186704896	religion	no	no	no	no	yes
810209255420784642	Roma	no	no	no	no	no
810220987358842880	Roma	no	no	no	no	no
810338889407889408	religion	no	no	strong	no	no
810414816808632320	religion	no	no	no	no	no
810448091128233985	Roma	no	no	no	no	no
810454719332229120	religion	no	no	no	no	no
810476036571938816	ethnic group	no	no	no	no	no
810498153166360576	Roma	no	no	no	no	no
810499210961448960	ethnic group	no	no	no	no	no
810540481335750656	ethnic group	yes	strong	strong	no	yes
810743627966189568	religion	no	no	no	no	no
810744113314332672	religion	no	no	no	no	no
810785911323688964	ethnic group	no	weak	no	no	no
810805319072878592	Roma	no	no	no	no	yes
810825627528003585	Roma	no	no	no	no	yes
810833269126299648	religion	no	weak	weak	no	yes
810850254081888258	religion	no	no	no	no	no
810875366432718848	religion	no	no	no	yes	no
810893876110249985	ethnic group	no	no	no	no	no
810925182227509248	religion	no	no	no	no	no
810943347439374336	Roma	yes	weak	strong	no	yes
810943756593725443	religion	no	no	strong	no	yes
810951182692847616	religion	no	no	no	no	no
810954190201692160	religion	yes	weak	weak	no	yes
810956736215523328	ethnic group	yes	no	no	yes	yes
810956828163117056	religion	no	no	strong	yes	no
810961324075261957	religion	no	no	no	no	no
810966203959283712	religion	no	weak	no	no	no
810968100539629568	religion	yes	strong	no	no	no
810986816463601664	ethnic group	no	no	no	yes	yes
811020508296859648	religion	no	no	no	no	no
811073802440470528	ethnic group	no	no	no	no	no
811121041108008960	religion	no	no	no	no	no
811122818557493248	religion	no	no	no	no	no
811140367668101121	religion	no	no	no	no	no
811153930285674497	ethnic group	no	no	weak	no	yes
811156813181841408	religion	no	no	no	no	no
811172713897267200	religion	no	weak	no	no	yes
811183087350595584	religion	no	no	no	no	no
811184714144972800	religion	no	no	weak	no	yes
811189846379266048	religion	yes	weak	strong	no	yes
811201636014190592	religion	no	no	no	no	no
811213051340976128	religion	no	no	no	no	no
811222769056808960	religion	no	no	no	no	yes
811239481634328580	religion	yes	strong	no	no	yes
811244348268564480	Roma	no	no	no	no	no
811251122321190913	religion	no	no	no	no	no
811265819510505474	religion	no	weak	no	no	no
811294783473860608	religion	no	no	no	no	no
811336077474693120	religion	no	no	weak	no	yes
811358647058100224	religion	no	no	weak	yes	no
811459109350506496	ethnic group	no	no	no	no	no
811472322725113857	religion	no	no	no	no	no
811492204988473344	religion	no	no	no	no	no
811496596680638464	Roma	no	no	no	no	no
811518443971289088	Roma	no	no	no	no	no
811529986427514881	religion	no	no	no	yes	no
811535782032928768	religion	no	no	no	yes	no
811567139467460608	ethnic group	no	no	no	no	yes
811586090297622528	ethnic group	yes	weak	weak	no	no
811653711558754309	religion	no	no	no	no	no
811662770928254976	religion	no	strong	no	no	no
811671193728258048	religion	no	no	no	no	no
811685028342206464	ethnic group	no	no	no	no	no
811766182781063168	Roma	no	weak	no	no	no
811795893284388864	religion	no	weak	no	no	no
811816268378632192	Roma	no	no	no	no	no
811836024095645696	ethnic group	no	no	no	no	no
811837471990358016	ethnic group	no	no	no	no	no
811871875617947648	religion	no	no	no	yes	no
811938772795486209	religion	no	no	weak	no	yes
811948353575669760	religion	no	no	no	no	yes
811950662456143873	religion	no	no	no	no	no
811982053772247040	religion	no	no	no	no	no
811986553589395456	religion	yes	strong	no	no	yes
812006103022190592	Roma	no	no	no	no	no
812006121535897601	Roma	no	no	no	no	no
812018171876147200	Roma	no	no	no	no	no
812020510280314880	Roma	no	no	no	no	no
812022487030566912	religion	no	no	weak	no	yes
812033471862439940	ethnic group	no	no	no	no	no
812050189355782144	ethnic group	no	no	no	yes	yes
812051259997962241	ethnic group	no	no	no	no	no
812064920615448577	religion	no	no	no	no	no
812203345465245697	religion	no	no	no	no	no
812221749446094848	religion	no	no	no	no	no
812221882242109441	Roma	no	no	no	no	no
812226074520289280	religion	no	no	no	no	no
812236914879303680	religion	no	no	no	no	no
812240729548394496	religion	yes	weak	weak	no	yes
812243081412153344	religion	yes	strong	strong	no	yes
812250984697171970	religion	no	no	no	no	no
812251409865445377	religion	no	no	no	no	no
812253914296946688	religion	no	no	no	yes	no
812256056369942528	religion	no	no	no	no	no
812261785864695808	religion	no	no	no	no	no
812270386926718976	religion	no	no	no	no	no
812285183466569728	religion	no	no	no	yes	no
812286546552520704	religion	no	no	no	no	no
812287201337872384	religion	no	no	no	no	no
812304446403313665	Roma	no	no	no	no	no
812308434225942528	religion	no	no	no	no	no
812314324681289728	religion	no	no	no	no	no
812315224485281792	religion	no	no	no	no	no
812316997212143616	religion	no	no	no	no	no
812319490834857984	ethnic group	no	no	weak	no	no
812322399475601408	religion	no	weak	weak	no	yes
812323904219914240	religion	no	no	no	no	yes
812326563232485382	religion	yes	strong	weak	no	yes
812335327125917697	religion	no	no	no	no	no
812342052730048512	ethnic group	no	no	no	no	no
812346579055243264	religion	no	no	no	no	no
812348114338246656	religion	no	no	no	no	no
812352222210260992	religion	no	no	weak	yes	no
812352907869847552	religion	no	no	no	no	no
812362746767544323	religion	no	no	no	no	no
812375442225295360	religion	no	no	no	no	no
812381183900258304	religion	no	no	no	no	no
812381569360936960	ethnic group	no	no	no	no	no
812391368018563074	religion	no	no	no	yes	no
812392328904187904	religion	no	strong	no	no	no
812573620765622272	religion	no	no	no	no	no
812586181070299136	ethnic group	no	no	no	no	no
812590458039889920	religion	no	no	no	no	no
812634008634933248	ethnic group	no	no	no	no	no
812651939716472832	religion	no	no	no	no	no
812703892467236864	religion	no	no	no	no	no
812728955149160448	religion	no	no	no	no	no
812753499083640832	religion	no	no	no	no	no
812754459923255297	religion	no	no	no	no	no
812771411488022530	religion	yes	strong	strong	no	yes
812806412598411265	religion	no	no	no	yes	no
812993633066557440	religion	no	no	no	yes	no
813029530042560512	religion	no	no	no	no	no
813038936473956361	ethnic group	no	no	no	yes	no
813049073158602752	religion	yes	no	no	no	yes
813070887817740288	religion	no	no	no	no	no
813076808803512320	Roma	no	no	no	no	no
813096821555752960	Roma	no	no	no	no	no
813274055256272896	religion	no	no	weak	yes	yes
813282919804502016	ethnic group	no	no	no	yes	no
813337116428091392	religion	no	no	no	no	yes
813441020843020288	religion	no	no	no	no	no
813530130282901504	ethnic group	no	no	no	no	no
813550459227172864	ethnic group	no	no	no	no	yes
813640361948094464	religion	yes	weak	no	yes	no
813646935072665600	Roma	no	no	no	no	no
813726048634413056	religion	yes	no	strong	no	yes
813731670729916418	religion	yes	weak	strong	no	yes
813767990403600386	Roma	no	no	no	no	yes
813862040695500800	religion	no	no	no	no	no
814000610777464832	religion	no	no	no	no	no
814037723367424000	Roma	yes	weak	weak	no	yes
814078424486547456	religion	no	no	no	no	yes
814089848059527168	Roma	no	no	no	no	yes
814092077084635137	religion	no	weak	no	no	no
814105208775180288	ethnic group	no	no	no	no	no
814114632222834688	Roma	no	no	no	no	no
814120244784480257	ethnic group	no	no	no	no	no
814120445398175744	religion	no	no	no	no	no
814125418752184320	religion	no	no	no	no	no
814141822578675712	ethnic group	yes	no	weak	no	yes
814187132185100288	religion	no	no	no	yes	no
814187658087907332	religion	no	weak	weak	no	no
814195302391566336	ethnic group	no	no	no	no	no
814203082791862272	Roma	no	no	no	no	no
814213056842571776	ethnic group	yes	no	no	no	yes
814217574447796225	ethnic group	no	weak	no	yes	no
814221685452840961	ethnic group	no	no	no	no	yes
814235391746260992	ethnic group	no	no	no	no	no
814404269453381632	religion	no	no	no	no	no
814410836383006721	Roma	no	no	weak	yes	yes
814417744368201728	Roma	no	no	no	no	yes
814436574926610432	religion	no	no	no	no	no
814463819242151936	religion	no	weak	no	yes	no
814489067119411200	religion	no	no	no	no	no
814496732579041280	religion	no	no	no	no	no
814498506509586436	religion	no	weak	no	no	no
814520869628289024	religion	no	no	no	no	no
814524903240011776	religion	yes	weak	strong	no	no
814561077593784320	ethnic group	yes	weak	no	no	yes
814575047176228864	ethnic group	no	no	no	no	yes
814750467213365248	religion	no	no	no	no	no
814762537078128640	religion	no	weak	no	yes	yes
814835314975973376	religion	no	no	no	no	no
814841819838214144	ethnic group	no	no	no	no	no
814871936027258880	religion	yes	strong	strong	no	yes
814877237552021506	religion	no	no	no	no	no
814902026865938433	religion	no	no	no	no	no
814911031805902848	religion	no	no	no	no	no
814934651433287680	religion	no	no	no	no	no
814986919654412288	religion	no	no	no	no	no
814987312304099328	religion	no	no	no	no	no
815073868629102592	religion	no	no	no	no	no
815099885154435072	ethnic group	no	weak	no	no	no
815105299564654592	religion	yes	no	no	no	no
815112299044372480	Roma	no	weak	weak	no	no
815157966647230464	religion	yes	weak	strong	no	yes
815169194987757568	ethnic group	no	no	no	no	no
815170234202148865	religion	no	no	no	no	no
815227838924259328	religion	no	no	strong	no	yes
815231564330180609	religion	no	no	no	no	no
815281628490690560	religion	no	no	no	no	no
815345601604886529	religion	yes	no	no	no	yes
815362356792492032	religion	no	no	weak	no	yes
815363812090056704	religion	no	weak	no	no	no
815473487909363712	religion	no	weak	no	no	no
815506238314258432	religion	no	no	no	no	no
815525161378213888	religion	no	weak	weak	no	yes
815539345562173440	ethnic group	no	no	no	no	no
815541956856217600	religion	yes	strong	weak	no	yes
815543564612628480	religion	no	no	no	no	no
815554209399631872	religion	no	no	no	no	no
815558151521058816	ethnic group	no	no	no	no	no
815591185809047552	religion	no	no	no	no	no
815634803039096834	religion	no	no	no	no	no
815636441221001216	religion	no	no	no	no	yes
815833978691260416	religion	no	no	no	no	no
815933774399733760	religion	no	no	no	no	no
815953123797700608	Roma	no	no	no	no	no
815983264053727233	religion	no	no	no	no	no
815993261227732992	religion	no	weak	strong	no	yes
816003077694226432	ethnic group	no	no	no	no	no
816118899800440832	ethnic group	no	no	no	no	no
816175245094686720	religion	no	weak	no	no	yes
816215002738782213	Roma	yes	strong	strong	no	yes
816217760187486209	religion	yes	weak	strong	no	yes
816251525949521920	religion	no	no	no	no	no
816290887584120833	ethnic group	no	no	no	no	no
816294977487695872	Roma	no	no	no	no	yes
816314603953065986	religion	no	no	no	no	no
816337571383013376	ethnic group	no	no	no	no	no
816357763668443137	religion	no	no	no	no	no
816368276951416834	ethnic group	no	weak	weak	no	yes
816401211305889792	religion	no	no	no	no	no
816404546373218305	religion	no	no	no	no	no
816547601097129984	ethnic group	yes	weak	strong	no	yes
816603343565033472	religion	no	no	no	no	no
816698437143908352	ethnic group	no	no	no	no	no
816702932347457536	religion	yes	weak	weak	yes	yes
816730057884520451	religion	no	no	no	no	no
816736561836474368	religion	no	no	no	no	no
816740606462558208	Roma	yes	weak	strong	no	yes
816798867513548800	religion	no	no	no	no	no
816878737799188480	ethnic group	no	no	no	no	no
816944127489245184	ethnic group	no	no	no	no	no
816962519612923904	ethnic group	no	no	weak	yes	no
816971489492824064	religion	no	no	no	no	no
816986340378218496	ethnic group	no	no	no	no	yes
816990953131175936	religion	no	weak	no	no	yes
816994460160626688	religion	no	no	weak	yes	no
817003315787661313	religion	yes	no	strong	no	yes
817030911632011264	religion	no	no	no	no	no
817053433199034368	ethnic group	no	no	no	no	no
817058967285272576	ethnic group	no	no	no	no	no
817069426042400768	ethnic group	no	no	no	no	no
817088122836099072	ethnic group	no	no	no	no	no
817089993453797376	religion	no	no	no	no	no
817107006620319745	ethnic group	no	no	no	no	no
817140230285381632	ethnic group	no	no	no	no	yes
817279196833710080	religion	no	no	no	no	no
817323179467214849	Roma	no	no	no	no	no
817327053569671169	ethnic group	yes	weak	weak	no	yes
817350334288891906	religion	yes	weak	weak	no	yes
817388299811700736	religion	yes	weak	weak	yes	yes
817394754598109184	religion	yes	strong	no	no	no
817399137264078851	ethnic group	no	no	no	no	no
817452003680993280	religion	no	no	no	no	no
817626668848336897	religion	no	no	no	no	no
817668549850333184	ethnic group	no	no	no	yes	yes
817729103793156098	ethnic group	no	no	no	no	no
817747285836791809	religion	no	no	no	no	no
817787262515707904	religion	no	no	no	no	no
817793324237156352	ethnic group	yes	no	no	no	yes
817797944711802880	ethnic group	no	no	no	no	no
817947112512098304	religion	no	no	no	no	no
818036788858093568	ethnic group	no	no	no	no	no
818093016783130624	religion	yes	weak	weak	no	yes
818173288576847874	religion	no	no	no	no	no
818183046084050944	religion	no	no	no	no	no
818201619196182535	Roma	yes	weak	no	no	no
818251007088005120	ethnic group	yes	weak	weak	no	yes
818392410426343425	ethnic group	no	no	no	no	no
818401941667586048	Roma	no	no	no	no	no
818428416475197440	Roma	no	no	no	no	no
818450080760025088	ethnic group	no	no	no	no	no
818581234968363011	ethnic group	no	no	no	no	no
818582068229787648	religion	no	no	no	no	no
818636882410029056	religion	no	no	no	no	no
818705481678155777	religion	no	no	no	no	no
818741305232723968	ethnic group	yes	strong	strong	no	yes
818749585493467137	ethnic group	no	no	no	no	no
818772703591170048	religion	no	no	no	no	no
819866569346060289	ethnic group	no	no	no	no	no
819876194896187392	religion	no	weak	no	no	no
819915215584247808	ethnic group	no	no	no	no	yes
819927123813142529	ethnic group	no	no	no	no	no
819950504394575872	Roma	no	no	no	no	no
820099872841932800	Roma	no	no	no	no	no
820294742890180609	Roma	no	no	no	no	no
820319034671595520	religion	yes	weak	no	no	no
820538520905404416	ethnic group	no	no	no	no	no
820540723095289856	ethnic group	no	no	no	no	no
820567011059179520	ethnic group	no	no	no	no	no
820605345743642628	ethnic group	no	no	no	no	no
820608690688557058	religion	no	no	no	no	no
820646655074537472	religion	no	no	no	no	no
820654836718833666	ethnic group	no	no	no	no	no
820680460166643712	ethnic group	no	no	no	no	no
820723416995102725	ethnic group	no	no	no	no	no
820769907558195202	religion	no	no	no	no	no
820966286255648768	ethnic group	no	no	no	no	no
821049339816607745	ethnic group	no	no	no	yes	no
821074816690221056	religion	no	no	no	no	no
821218067611062272	Roma	no	no	no	no	no
821233384559169536	religion	no	no	no	no	no
821258839634874368	ethnic group	no	no	no	no	no
821297841847107584	religion	no	no	no	no	no
821398066355994624	ethnic group	yes	weak	no	yes	yes
821404667741618177	ethnic group	no	no	no	no	no
821411039455703040	ethnic group	no	no	no	no	no
821492239830548480	ethnic group	no	no	no	no	no
821499839448018944	ethnic group	no	no	no	no	no
821650545186377730	ethnic group	yes	weak	weak	yes	yes
821659966062952449	ethnic group	no	no	no	no	no
821661503606689793	Roma	no	no	no	no	no
821668782477295620	ethnic group	no	no	no	no	no
821676200212987904	Roma	no	no	no	no	yes
821680691108790272	ethnic group	no	no	no	yes	no
821693679643394049	ethnic group	no	no	no	no	no
821719461409517568	Roma	yes	weak	strong	no	yes
821722115527294976	ethnic group	no	no	no	yes	no
821724337803759616	ethnic group	no	no	no	no	no
821758511008940032	ethnic group	no	no	no	no	no
821811231241760768	Roma	no	no	no	no	no
821817779145900033	Roma	no	no	no	no	no
821903823509868545	Roma	no	no	no	no	yes
821981196045271040	ethnic group	no	no	no	no	no
821986810406588416	ethnic group	no	no	no	no	no
822056743844724736	ethnic group	no	no	no	no	no
822106381377503232	Roma	yes	weak	weak	yes	yes
822112377764253698	Roma	no	no	no	no	no
822114438920683520	ethnic group	no	no	no	no	no
822158606632124417	Roma	yes	weak	strong	no	yes
822181372185825280	ethnic group	no	no	no	no	no
822205961741987840	ethnic group	no	no	weak	no	no
822452849216983040	religion	no	no	no	no	no
822454921463267328	Roma	no	no	no	no	yes
822511747412148225	religion	no	no	no	no	no
822545055588253698	religion	no	no	no	no	no
822554991688826880	Roma	no	weak	no	yes	yes
822770850692788224	religion	yes	strong	no	no	no
822783387350036481	religion	no	no	no	no	no
822807606737727488	Roma	no	no	no	no	yes
822808506000703489	religion	no	strong	strong	no	no
822884951834161153	religion	no	no	no	no	no
823090273811107841	ethnic group	no	no	no	no	no
823091868175134721	religion	no	no	strong	no	no
823123543638548480	ethnic group	no	no	no	no	no
823152640259407872	religion	yes	weak	strong	no	yes
823453125684015108	ethnic group	no	no	no	no	no
823509088424361984	ethnic group	no	no	no	yes	no
823529670679425024	Roma	yes	no	no	no	no
823548695438381056	Roma	no	no	no	no	no
823554526884007936	Roma	no	no	no	no	no
823567998791389184	Roma	no	no	no	no	no
823572978650796037	Roma	no	no	no	no	no
823577456158408704	Roma	no	no	no	no	no
823620495220338689	religion	no	no	no	no	no
823625544281493507	religion	no	no	no	no	no
823645706850340864	religion	no	no	no	yes	no
823665970673643520	ethnic group	no	no	no	no	no
823666681012690944	ethnic group	no	no	no	no	no
823768255445794816	religion	no	no	no	no	no
823786745946865664	religion	no	no	weak	no	yes
823804639040638977	Roma	no	no	no	no	no
823822239091007488	ethnic group	no	no	no	no	yes
823837106854367232	ethnic group	no	no	no	no	no
823860319701307394	Roma	no	no	no	no	yes
823888131812421635	ethnic group	no	no	no	no	no
823924385534930944	ethnic group	no	no	weak	no	yes
823936424097574914	ethnic group	yes	no	strong	no	yes
823987097740701697	ethnic group	no	no	no	no	no
823997131824529409	ethnic group	yes	no	weak	no	yes
824011122588131334	ethnic group	no	weak	weak	yes	yes
824030924098572289	Roma	no	no	no	no	yes
824031486768771072	Roma	yes	no	weak	yes	yes
824168449098321921	ethnic group	no	no	weak	no	yes
824177207388073984	Roma	yes	strong	no	no	yes
824246275222671360	ethnic group	yes	weak	no	no	no
824253232818036737	Roma	no	no	no	no	no
824272005545525248	Roma	no	no	no	no	no
824347591907414016	ethnic group	no	no	no	no	yes
824405847103143940	ethnic group	no	no	no	no	no
824576404524191745	Roma	no	no	no	no	no
824581350158114816	ethnic group	no	no	no	no	no
824605429930065920	Roma	no	weak	no	no	no
824705058734477313	Roma	no	weak	strong	no	yes
824708898569515009	Roma	yes	weak	strong	no	yes
824716798226534400	Roma	no	no	weak	no	no
824723367571914754	ethnic group	no	no	no	no	no
824724034369814528	Roma	no	no	no	no	yes
824750536511651840	Roma	no	no	no	no	no
824936027391459328	Roma	no	no	no	no	no
824938344404676609	religion	yes	strong	no	no	yes
824963817159479300	Roma	no	no	no	no	yes
825000051219038208	Roma	no	no	weak	no	yes
825003562379919361	Roma	no	no	no	no	yes
825012267280326657	ethnic group	no	no	no	no	no
825050343679590400	Roma	no	no	no	no	yes
825053601693315074	ethnic group	no	no	no	no	no
825094933698768897	religion	no	weak	weak	no	yes
825276846292029441	Roma	no	no	no	no	no
825345478309076992	Roma	no	no	no	no	yes
825375791986966528	Roma	no	no	no	no	no
825389015721459712	religion	yes	weak	strong	no	yes
825448468101611520	religion	no	no	no	no	no
825475603533090821	religion	no	weak	weak	no	yes
825608051721981952	religion	yes	weak	no	no	yes
825623844190822400	ethnic group	no	no	no	no	no
825654156576821248	religion	no	no	no	no	yes
825677022412341248	religion	yes	weak	strong	no	yes
825719460971450369	religion	no	no	no	no	no
825744200083836931	Roma	no	no	no	no	no
825769786617520128	religion	no	no	no	no	no
825782474789814274	religion	no	no	no	yes	no
825818041250410498	ethnic group	no	no	no	yes	no
825828513462702080	ethnic group	no	no	no	no	no
825928527677648896	Roma	no	weak	no	no	no
825979522344423424	religion	yes	no	weak	no	yes
826001759399194626	ethnic group	no	no	no	no	no
826004637564141572	religion	no	no	no	yes	no
826010591705853952	religion	no	no	no	yes	no
826021877877526528	religion	yes	weak	weak	no	yes
826031930474954753	ethnic group	no	weak	no	yes	no
826037640126484481	religion	no	no	no	no	no
826047546590105600	ethnic group	no	no	weak	no	yes
826066298450886658	ethnic group	no	no	no	no	no
826087009726894080	religion	no	no	no	yes	no
826092113565720576	religion	no	no	no	no	no
826147610050310146	religion	no	no	no	no	yes
826149017801330688	religion	no	no	no	yes	no
826151118229102594	religion	yes	weak	strong	no	yes
826186745813356544	religion	no	no	no	no	no
826191559460794368	religion	no	no	no	no	no
826201951473897473	Roma	no	no	no	no	no
826202676866215936	Roma	yes	weak	no	no	yes
826205349736742912	Roma	yes	weak	weak	no	yes
826341046116294656	ethnic group	no	no	no	no	yes
826351856242851841	ethnic group	no	no	no	no	no
826355966539100160	ethnic group	no	no	no	yes	no
826378364827099136	religion	no	no	no	yes	no
826379886789005313	Roma	no	no	no	yes	no
826380632376881152	Roma	yes	strong	strong	no	yes
826385428664221697	religion	no	no	weak	no	yes
826388792881864704	religion	no	no	weak	yes	no
826428674463428608	ethnic group	no	no	weak	yes	yes
826442046722408449	religion	no	no	no	yes	no
826462903167569920	religion	yes	strong	no	no	yes
826483445870186496	ethnic group	no	no	no	no	no
826492371886080002	Roma	no	weak	no	no	yes
826524658765819904	religion	yes	strong	weak	no	yes
826528469215506432	Roma	yes	weak	weak	no	yes
826528664372264960	religion	no	no	no	no	no
826705537207263232	ethnic group	no	no	weak	no	yes
826746060353712130	Roma	no	no	no	no	yes
826751709108121600	Roma	no	no	no	yes	no
826760503213056001	Roma	no	no	no	no	no
826778968741335040	religion	no	no	no	no	no
826792490481098752	religion	no	no	no	no	no
826798723380441088	Roma	no	no	weak	yes	yes
827063443291242496	religion	yes	weak	weak	no	yes
827075480872419328	ethnic group	no	no	no	no	no
827086365267468288	ethnic group	no	no	no	no	yes
827103489620901889	ethnic group	no	no	no	no	no
827109474942849026	ethnic group	no	no	no	no	no
827112638563942400	ethnic group	no	no	no	no	no
827203945529483265	Roma	no	no	no	yes	yes
827245018616360960	Roma	no	strong	strong	no	yes
827390046923747328	ethnic group	no	no	no	no	no
827415141641658368	ethnic group	no	no	no	no	no
827423374561386496	ethnic group	no	no	no	no	yes
827452085813772288	ethnic group	no	no	no	yes	no
827456488994123776	religion	no	no	no	yes	no
827471735398109184	ethnic group	no	no	no	no	no
827477597093240836	ethnic group	no	no	no	no	no
827532989370351616	ethnic group	no	no	no	yes	no
827551279652089856	ethnic group	no	no	no	no	no
827578659980640257	ethnic group	no	no	no	yes	no
827614048992784384	ethnic group	no	no	no	no	no
827783036905336832	religion	no	weak	no	yes	yes
827816983630581760	Roma	no	no	no	no	yes
827821135131791364	ethnic group	no	no	no	no	no
827831506148155392	religion	no	no	no	no	no
827852469573132288	ethnic group	no	no	no	no	no
827857358659403777	Roma	no	no	no	no	no
827929282567606274	Roma	no	no	no	no	no
827935691682222080	Roma	no	no	weak	no	yes
827940972201914368	religion	no	no	no	no	no
828157393532047360	Roma	no	no	no	no	no
828289234909937665	religion	no	no	no	no	no
828311552780619776	ethnic group	no	no	no	no	no
828318482848743424	ethnic group	no	weak	weak	yes	yes
828346498794401792	religion	no	no	no	no	no
828351834569981952	religion	no	no	strong	yes	no
828511741025906689	ethnic group	no	weak	weak	no	yes
828572248369983488	ethnic group	yes	no	no	no	no
828581895365619712	ethnic group	no	no	no	no	no
828599437773701121	ethnic group	no	no	no	no	no
828602427276394498	ethnic group	no	no	no	yes	no
828680340743000065	Roma	no	no	no	no	no
828798130200121344	Roma	no	no	weak	no	yes
828876122486165506	ethnic group	no	no	no	no	no
828882911495602177	Roma	no	no	no	no	yes
828918626723966980	ethnic group	no	no	no	no	no
828996313085784065	religion	no	no	no	no	no
829033486703017985	ethnic group	no	no	no	no	no
829043789209690112	religion	no	no	weak	no	yes
829058061805481984	Roma	no	no	no	no	yes
829099564015681537	ethnic group	no	no	weak	yes	yes
829208956786638848	religion	yes	strong	weak	no	yes
829232567366844416	religion	no	no	no	no	no
829337595410792449	Roma	no	no	no	no	no
829465942451159040	Roma	no	no	no	no	yes
829520794216755202	religion	no	no	no	no	yes
829567634815467522	ethnic group	no	no	no	no	no
829578281695510528	religion	no	no	no	no	no
829592440277450752	Roma	no	no	no	no	yes
829620801649283072	religion	yes	strong	weak	no	yes
829632444324274176	religion	yes	no	strong	no	yes
829672632408821760	Roma	no	no	no	no	no
829697375723732992	Roma	no	no	no	no	no
829736186373664768	Roma	no	no	no	no	no
829748630366076929	ethnic group	yes	weak	no	no	yes
829748735609552897	ethnic group	yes	weak	strong	no	yes
829757762259263493	ethnic group	no	no	no	no	no
829801083102978048	religion	no	no	no	yes	no
829939724915769344	ethnic group	no	no	no	no	no
829992414664339456	religion	no	no	no	no	no
830001064627810304	ethnic group	no	no	no	no	no
830005451211292673	ethnic group	no	no	no	yes	yes
830019160033918976	religion	no	no	no	no	no
830065695354449921	religion	no	no	no	no	yes
830073484646744064	ethnic group	no	no	no	no	no
830135933517303809	ethnic group	no	no	no	no	no
830145321376284672	religion	no	no	no	no	no
830306653014806528	religion	no	no	no	no	yes
830331079865286657	ethnic group	no	no	no	no	no
830420447573442560	religion	yes	strong	strong	no	yes
830430387847430145	religion	no	no	no	yes	no
830448731694780419	religion	no	no	no	no	no
830453076456792064	ethnic group	no	weak	no	no	no
830521941672992770	ethnic group	no	no	no	no	no
830674652527620096	ethnic group	no	no	no	no	no
830802194039443456	ethnic group	no	no	no	no	no
830821079211970560	Roma	yes	strong	no	no	no
830878139861594113	ethnic group	yes	strong	strong	no	yes
831020237759844352	religion	no	no	no	no	no
831043706891358209	Roma	no	no	weak	no	yes
831114646815899648	Roma	no	no	no	no	yes
831143593721085953	religion	no	no	no	no	no
831149710786297856	religion	no	no	no	no	no
831213133687570433	religion	no	no	strong	no	yes
831228479916142592	Roma	no	weak	no	no	no
831229654669357057	Roma	no	no	no	yes	no
831235321048215554	Roma	yes	weak	weak	no	yes
831241690333712384	Roma	yes	no	no	no	yes
831250814677172226	Roma	no	no	no	no	no
831382315259555840	ethnic group	no	no	no	no	yes
831430313607823360	religion	no	no	strong	no	yes
831439550878728194	ethnic group	yes	weak	strong	no	yes
831444293067952128	Roma	no	no	no	no	no
831460937404145666	ethnic group	no	no	no	no	no
831536055820095488	religion	yes	no	weak	yes	yes
831804297478361090	ethnic group	no	no	no	no	no
831857392447025154	religion	no	no	no	no	no
831877250110849024	ethnic group	no	weak	weak	no	yes
831993503521587200	Roma	yes	weak	weak	no	yes
832043278782562305	ethnic group	no	no	no	no	no
832117926496989184	ethnic group	no	no	no	no	no
832153029453426689	religion	yes	weak	weak	no	yes
832311342686167041	ethnic group	no	no	no	yes	no
832315585715396610	religion	no	no	no	yes	no
832357805722042368	ethnic group	no	no	no	yes	no
832544031599128576	Roma	no	no	no	no	no
832603387527065601	Roma	yes	strong	no	no	yes
832606006400131072	religion	yes	strong	no	no	yes
832620779938291713	ethnic group	no	no	no	no	no
832874412932231168	ethnic group	no	no	strong	yes	yes
832875325939912704	ethnic group	no	no	no	no	no
832888735742111745	religion	no	no	no	no	no
832917255772061697	religion	no	no	weak	yes	no
832969264474775552	religion	no	no	no	no	no
833018608737456128	religion	no	no	no	no	no
833088252617846784	ethnic group	no	no	no	no	no
833265154397708288	ethnic group	no	no	no	no	no
833355969895739392	religion	no	no	strong	yes	no
833377166201147393	ethnic group	no	no	no	yes	no
833380717434437634	Roma	no	no	no	no	no
833442241041530882	religion	no	no	no	no	no
833452529526636544	Roma	no	no	no	no	no
833583576876716032	Roma	no	no	no	no	no
833584442883047424	religion	no	no	weak	no	yes
833600418496258048	Roma	yes	strong	no	no	no
833643349672390656	Roma	yes	weak	weak	no	yes
833678425734922240	religion	no	no	no	no	yes
833709827222278144	ethnic group	no	no	no	no	no
833991012896878596	Roma	no	no	no	no	no
834002168646610946	ethnic group	no	no	no	yes	yes
834017400861384705	Roma	yes	strong	no	no	yes
834072981949263872	Roma	yes	strong	no	no	no
834125776299683840	ethnic group	no	no	no	no	yes
834160529212112897	religion	no	weak	no	no	yes
834160559876628480	ethnic group	no	no	no	no	no
834303586070884352	religion	yes	weak	no	no	yes
834360663388598272	ethnic group	no	no	no	no	no
834459797089038340	religion	no	no	no	no	no
834489958715031552	ethnic group	no	no	no	no	no
834662053507919874	ethnic group	no	no	no	no	no
834679363916402688	Roma	no	no	no	no	no
834747796599238660	Roma	yes	weak	weak	no	yes
834767085049933827	religion	no	no	no	no	no
834842905260986369	religion	no	no	no	no	no
834856461549330436	ethnic group	no	no	no	no	no
834902821833166848	ethnic group	no	no	no	no	yes
834927790457749504	religion	no	no	no	no	yes
835030821912383488	Roma	no	no	no	yes	no
835042887922495488	ethnic group	no	no	no	yes	no
835043531412672512	Roma	no	no	no	no	no
835095474621173762	Roma	no	no	no	no	no
835105227988733952	Roma	no	weak	no	yes	yes
835115981404008449	Roma	no	weak	no	yes	no
835116610457333760	Roma	yes	strong	strong	no	yes
835123364205297664	Roma	no	strong	strong	no	no
835133618121019392	Roma	yes	strong	strong	no	yes
835143262180634624	Roma	yes	strong	strong	no	yes
835151283053019136	Roma	no	no	no	no	no
835163632220704772	Roma	no	no	no	no	no
835167314089738240	Roma	no	no	strong	yes	no
835168462720876545	Roma	yes	weak	no	no	no
835174886339403776	Roma	no	no	no	yes	no
835179695574507522	Roma	no	weak	weak	yes	no
835191339939729408	Roma	yes	strong	weak	no	yes
835195730306416641	Roma	yes	no	weak	yes	yes
835198657821556736	Roma	no	no	no	no	no
835209985940418560	Roma	no	no	no	no	no
835210438031904769	Roma	no	no	no	no	no
835214537620082692	Roma	yes	strong	no	no	yes
835219826268323840	Roma	no	no	no	no	no
835234231819382785	Roma	no	no	strong	yes	no
835236787412938755	Roma	no	no	no	no	no
835251953898766336	Roma	yes	no	strong	no	yes
835261323135041538	Roma	no	no	no	no	no
835367521217806336	Roma	no	no	no	no	no
835417069160120323	Roma	no	no	no	no	no
835439394467250180	Roma	no	no	no	no	no
835441593343672320	Roma	no	no	no	no	no
835460912018489345	Roma	no	no	no	no	no
835463065193885696	Roma	yes	weak	strong	no	yes
835473416555806721	Roma	no	no	no	no	yes
835482833753899008	Roma	no	no	no	no	no
835485845910089729	Roma	no	no	strong	no	no
835494255879544837	ethnic group	no	no	no	no	no
835538011223912448	religion	no	no	strong	yes	no
835550328053452800	Roma	yes	strong	strong	no	yes
835551142293696513	Roma	no	no	no	yes	no
835565045220278273	Roma	no	no	no	no	no
835785575445725185	Roma	no	weak	weak	no	yes
835799869763768320	ethnic group	no	no	no	no	no
835807152950259712	Roma	no	no	no	no	no
835808647741599746	Roma	no	no	no	no	no
835851283198246913	Roma	no	no	no	no	no
835871401835900928	religion	no	no	no	no	no
835892464879808512	Roma	no	no	strong	no	yes
835932841376624641	Roma	no	no	no	no	no
835934578040786947	ethnic group	no	no	weak	yes	no
835948142122127360	religion	no	weak	no	no	no
836130157350039552	Roma	no	no	no	no	no
836169067283300352	religion	yes	strong	strong	no	yes
836178239131353089	ethnic group	no	no	no	no	no
836180186412511232	Roma	no	no	no	no	no
836210899023200256	ethnic group	no	no	strong	no	no
836252150858678273	religion	no	no	no	no	no
836267478456090626	Roma	no	no	no	no	yes
836284322277638144	ethnic group	no	no	no	no	no
836316438432473091	Roma	no	no	weak	no	no
836323241803321344	Roma	no	no	no	no	no
836324370339479552	Roma	no	no	no	no	no
836324874704535553	Roma	no	weak	no	no	no
836327237829943297	Roma	no	no	weak	no	no
836327535063478272	Roma	no	weak	no	no	yes
836327669516156932	Roma	yes	strong	strong	no	yes
836328435777699841	Roma	no	no	no	no	yes
836336756471513090	Roma	no	no	no	no	yes
836448076445417473	religion	no	no	no	no	no
836524675962396672	ethnic group	no	no	no	no	no
836553090035814400	ethnic group	no	no	no	no	yes
836563501397200896	Roma	no	no	no	no	yes
836571764696186880	Roma	no	no	no	no	yes
836579045685006336	Roma	no	no	no	no	yes
836579910789513216	Roma	no	no	no	no	yes
836592654951583747	religion	no	no	no	no	no
836597183692607488	Roma	no	no	no	no	no
836599905158324225	Roma	no	no	no	yes	no
836623196593979395	ethnic group	no	no	no	no	no
836650463143596032	religion	no	no	no	no	no
836666454179213312	religion	no	no	no	no	no
836694802754326529	Roma	yes	strong	strong	no	yes
836705964095070209	Roma	no	no	no	no	yes
836741232613281793	religion	no	no	no	no	no
836805456999944192	Roma	no	no	no	no	no
836813292941213697	ethnic group	no	no	no	no	no
836828121840168960	ethnic group	no	no	no	no	no
836858310984941570	ethnic group	no	no	no	yes	no
836892139120377857	Roma	no	no	no	no	no
836906066470440960	religion	yes	strong	strong	no	yes
836919831794499584	Roma	no	no	no	no	yes
836920788682944512	Roma	no	no	no	no	no
836926467984474112	Roma	no	no	no	no	no
836927857662312449	ethnic group	no	no	no	yes	no
836934366475530240	Roma	no	weak	weak	yes	yes
836952929185771520	Roma	no	no	weak	no	yes
836984365628305408	religion	no	no	no	no	yes
837013743838052352	Roma	no	no	no	no	no
837016796691632134	Roma	no	no	weak	no	yes
837044424626450432	ethnic group	no	no	no	no	no
837045975461986306	Roma	no	weak	no	no	yes
837063953725415425	religion	yes	strong	strong	no	yes
837219345277337600	religion	no	no	strong	no	yes
837256895366823937	Roma	no	no	no	no	no
837269070567378945	Roma	no	no	no	no	yes
837269154512187392	Roma	no	no	no	no	no
837308026801516545	Roma	yes	strong	strong	no	yes
837329348986273793	Roma	no	no	no	no	no
837406435805970436	ethnic group	no	weak	no	no	yes
837408820641075203	religion	yes	weak	strong	yes	yes
837408945442533376	religion	no	no	no	yes	no
837547639872724993	ethnic group	no	no	no	no	no
837601784021516288	Roma	no	no	weak	no	yes
837617819437187072	ethnic group	no	weak	no	no	yes
837650611030089728	Roma	no	no	no	yes	yes
837674921266397184	Roma	no	no	weak	no	no
837724049325363200	ethnic group	no	no	weak	no	yes
837733024166989825	ethnic group	no	no	no	no	no
837800565321134081	religion	no	no	no	no	no
837862493359915008	religion	no	no	no	no	no
837932874003251201	Roma	no	no	no	no	no
837977989983895552	religion	no	no	no	no	yes
837999205331304448	religion	no	no	no	no	no
838019723904303104	Roma	no	no	no	no	yes
838147029700382723	Roma	no	weak	weak	yes	yes
838151560286912513	Roma	no	weak	no	no	no
838155254386556928	ethnic group	no	no	no	no	no
838345220555161600	ethnic group	no	no	no	no	no
838363769747222528	ethnic group	no	no	no	no	no
838469950654251008	Roma	yes	weak	no	no	yes
838487794511147008	ethnic group	no	no	no	yes	no
838495114859327489	Roma	no	no	no	no	no
838517808552116225	religion	no	no	no	no	no
838668978721533952	Roma	no	no	no	no	no
838686416884359172	ethnic group	no	no	weak	no	no
838732157862432768	ethnic group	no	no	no	no	no
838735847906283520	ethnic group	yes	strong	no	no	yes
838772452046082050	ethnic group	no	no	no	no	no
838777514466111488	Roma	no	no	no	no	no
838790666532564992	ethnic group	yes	strong	weak	no	yes
838828572575944704	Roma	no	no	no	no	no
838837616535564293	Roma	no	no	no	no	no
838838878370951168	Roma	yes	weak	weak	no	yes
838840459577413636	Roma	no	no	weak	no	yes
838842516338262016	Roma	no	no	no	no	no
838842682256601089	Roma	yes	strong	weak	no	yes
838844026082193409	Roma	no	no	no	yes	no
839023401779986433	Roma	no	no	no	no	yes
839097147048013824	Roma	yes	strong	no	no	no
839114839297568771	Roma	yes	weak	strong	no	yes
839128428766982144	Roma	no	weak	no	no	yes
839136370283147264	ethnic group	no	no	no	no	no
839209165390233604	ethnic group	no	no	no	no	no
839217549241954304	ethnic group	no	no	no	no	no
839240240170680322	ethnic group	yes	strong	no	no	no
839257039880785920	ethnic group	no	no	no	no	yes
839358622375247875	Roma	no	no	strong	no	yes
839404327626231808	Roma	no	no	no	no	yes
839470128601444352	Roma	no	no	no	no	no
839495465037103105	ethnic group	no	no	no	no	no
839500674387816450	ethnic group	no	no	no	no	no
839522783386341376	Roma	no	no	no	no	no
839545055052345344	ethnic group	no	no	no	no	no
839613154778841090	ethnic group	yes	strong	no	no	yes
839677695487270912	Roma	no	no	no	no	yes
839764329142550529	ethnic group	no	no	no	no	no
839786907001303040	Roma	no	no	no	no	no
839790048987996162	Roma	no	no	no	no	yes
839804568103960579	ethnic group	yes	weak	strong	no	yes
839806298866790400	religion	no	no	weak	no	yes
839822194976915456	Roma	yes	strong	weak	no	yes
839844610277015552	religion	yes	weak	strong	no	yes
839855792673198080	religion	no	no	no	no	no
839896135619727362	Roma	no	no	no	no	no
840034093106679808	Roma	no	no	no	no	no
840120906009595904	religion	no	no	no	no	no
840145660531822592	ethnic group	no	no	no	no	no
840184094990327809	ethnic group	no	no	no	no	yes
840191044314660864	religion	no	no	weak	no	yes
840210490701824000	Roma	no	no	no	no	no
840228788755652608	ethnic group	no	no	no	no	no
840244938210197504	religion	no	no	no	no	no
840251844278538241	Roma	yes	no	strong	no	yes
840285163762380801	ethnic group	no	no	no	no	no
840304313054433280	ethnic group	no	no	no	no	no
840448271420145665	Roma	yes	weak	strong	no	yes
840496805175529475	Roma	no	no	no	no	no
840504373268664324	Roma	no	no	no	no	no
840562445169090560	Roma	no	no	no	no	no
840597574260273153	ethnic group	no	no	no	no	no
840649220650598400	Roma	yes	weak	strong	yes	yes
840824444037844992	ethnic group	no	no	no	no	no
840829274772889600	Roma	yes	strong	no	no	no
840829719008407553	Roma	no	weak	strong	no	yes
840850479093600256	ethnic group	no	no	no	no	no
840881911132246018	ethnic group	yes	strong	no	no	yes
840888714242998273	Roma	no	no	no	no	no
840930076766044162	religion	no	no	no	no	no
840948142677884928	Roma	no	weak	strong	no	yes
840970916297396227	religion	no	no	weak	no	no
840977044796264448	Roma	no	no	weak	no	yes
840982220219273216	Roma	no	no	no	no	yes
840986810016759808	Roma	no	no	no	no	no
841009329708908544	Roma	no	no	no	no	no
841040115514429442	ethnic group	no	no	no	no	no
841048691502907392	Roma	no	no	no	no	no
841069080190820352	religion	no	no	no	no	no
841106882429353984	religion	yes	strong	strong	no	yes
841174623341432832	ethnic group	no	no	no	yes	no
841181064018169857	Roma	no	no	no	no	no
841187108626825220	Roma	no	no	no	no	no
841187823860477952	ethnic group	yes	weak	no	yes	no
841193315064283136	Roma	no	no	weak	no	yes
841197163052843008	Roma	no	no	no	no	no
841201335731134464	Roma	no	no	no	no	no
841207117721681920	Roma	no	no	no	no	no
841211116214726657	Roma	no	no	no	no	no
841233645360824320	Roma	yes	weak	no	no	yes
841238000398934016	Roma	no	no	no	no	no
841242918052544512	ethnic group	no	no	no	no	no
841253048588652544	ethnic group	no	no	no	no	no
841254721532882945	Roma	no	no	no	no	no
841271759835914245	Roma	yes	strong	weak	no	yes
841310807757582336	Roma	no	no	no	no	yes
841311441231720449	ethnic group	no	weak	weak	no	no
841316501625962496	ethnic group	no	no	no	no	no
841336164904714240	Roma	no	no	weak	no	yes
841336375857303553	Roma	no	weak	no	no	yes
841344387984560128	Roma	no	no	no	no	yes
841344752570241026	Roma	no	no	no	no	no
841378581230022657	Roma	no	strong	no	no	yes
841386226733195264	Roma	no	no	no	no	no
841544236252180480	Roma	no	no	no	no	no
841569175432749057	religion	no	no	no	no	no
841599836222832640	religion	no	no	no	no	no
841602577288564737	Roma	yes	weak	no	no	yes
841621762446094336	Roma	no	no	no	no	no
841658938407952384	Roma	no	no	no	no	no
841702281770864645	Roma	no	no	no	no	no
841702803861045248	ethnic group	no	no	no	no	no
841719665793597445	religion	no	no	no	no	no
841768324639928322	Roma	no	no	no	no	no
841781504724336640	Roma	no	no	no	no	no
841909513640902656	Roma	no	weak	no	no	no
841911402973532162	Roma	no	weak	no	no	no
841936278572658690	religion	no	no	no	no	no
841936928870154240	ethnic group	no	no	no	no	no
841940786975518720	Roma	yes	strong	no	no	yes
841941986852655104	Roma	no	no	no	no	no
841946306205630464	Roma	no	no	no	no	no
841952589411422208	ethnic group	no	no	no	no	no
842024077707624449	ethnic group	no	no	no	no	no
842036245714882560	Roma	no	weak	no	no	no
842056134596915201	Roma	no	no	no	no	no
842066000795316224	ethnic group	no	no	no	no	no
842086407636189186	Roma	yes	strong	no	no	no
842351477750419456	Roma	no	no	no	yes	no
842396294832353282	Roma	no	no	no	no	no
842447725543198726	Roma	yes	no	no	no	yes
842460081597894656	Roma	yes	no	strong	no	yes
842464997691273216	ethnic group	no	no	no	no	no
842482955494850560	Roma	no	no	no	no	yes
842498452206567425	Roma	yes	strong	no	no	no
842605206026108928	Roma	no	no	no	no	no
842635347293061120	religion	no	no	no	no	no
842640313822990336	ethnic group	no	no	no	no	no
842678144314363905	religion	no	no	no	no	no
842721846885801984	Roma	no	no	no	yes	no
842772889837490176	Roma	no	no	no	no	yes
842776832755810306	Roma	no	no	weak	no	no
842863108058238977	religion	yes	weak	no	no	yes
842865525797666816	Roma	no	no	no	no	no
842871573031800833	Roma	yes	weak	no	no	yes
842998889695318016	religion	no	no	no	no	no
843009590551855106	ethnic group	no	no	no	no	no
843040818260721664	Roma	no	no	no	no	yes
843063966016442368	religion	no	no	weak	yes	no
843070675292246018	religion	no	no	no	no	no
843071580339126276	ethnic group	no	no	strong	no	no
843077546250067970	religion	yes	no	no	no	yes
843092205824884736	religion	yes	strong	no	no	yes
843104644112953345	Roma	no	no	no	no	no
843138596899078146	religion	yes	strong	no	no	yes
843150299024015361	Roma	no	no	no	no	no
843606884787609601	ethnic group	no	no	no	no	no
843612862249652227	Roma	no	weak	no	no	no
843739169276870659	ethnic group	no	no	no	no	no
843764056968323072	ethnic group	no	no	no	no	no
843773684569595905	ethnic group	no	no	no	no	no
843837877247270912	religion	no	no	no	no	no
843852545110016005	Roma	no	no	no	no	no
843875425420038144	ethnic group	no	no	no	no	no
843930156301500416	ethnic group	no	no	no	no	no
844118496875286528	Roma	yes	no	no	no	no
844121556167151616	Roma	no	no	no	no	no
844125721450766336	Roma	yes	strong	weak	no	yes
844128473857867776	ethnic group	no	no	no	no	no
844128971734372352	Roma	no	no	no	no	no
844131402882867200	ethnic group	no	no	no	no	no
844153338082082817	ethnic group	no	no	no	no	yes
844206669173329921	Roma	no	no	no	no	no
844240900066869249	ethnic group	no	no	no	no	no
844250078684631040	Roma	no	no	no	no	no
844266581152743426	ethnic group	yes	no	no	yes	yes
844283579224014848	religion	no	no	no	no	no
844301862027321348	ethnic group	yes	strong	strong	no	yes
844312049173848065	Roma	no	no	no	yes	no
844321804911087616	Roma	no	no	no	no	no
844439259889242113	Roma	no	no	no	no	no
844477106230902785	Roma	no	weak	no	no	no
844493809497112577	ethnic group	no	no	no	no	no
844500879709523970	ethnic group	no	weak	no	no	yes
844523475024957440	Roma	yes	strong	no	no	no
844523967167807489	ethnic group	no	no	no	no	no
844578205927428096	religion	no	strong	strong	no	no
844583201804861442	religion	no	no	no	no	no
844590609772023808	religion	no	no	no	no	no
844596307939508224	Roma	yes	no	no	no	no
844613054017028105	religion	no	no	no	yes	no
844616526183514120	religion	yes	strong	no	no	yes
844617357897220099	religion	no	no	no	yes	no
844638915420180480	religion	no	no	no	no	no
844649999279554561	religion	no	weak	weak	no	yes
844650822034165761	religion	yes	strong	strong	no	yes
844664130023895040	religion	no	no	no	no	no
844665509325029376	religion	yes	weak	no	no	yes
844693921674543104	religion	yes	no	weak	no	yes
844784974096097280	religion	no	no	no	no	no
844813714918260737	religion	no	no	no	no	no
844816351495544833	religion	no	no	no	no	no
844817192864571392	religion	no	no	no	no	no
844833790052597764	religion	no	no	no	yes	no
844837273162067972	religion	yes	weak	no	no	no
844861081633808385	ethnic group	no	no	no	no	no
844862839340785665	Roma	no	no	no	no	yes
844866516344483842	Roma	no	no	no	no	yes
844871171350802432	Roma	yes	strong	strong	no	yes
844874218714152960	religion	no	no	no	no	no
844876864153899008	religion	no	no	no	no	no
844895278201233409	religion	no	no	no	no	yes
844898928432697344	Roma	yes	strong	no	no	no
844910786078236674	religion	no	no	no	no	no
844915018051309568	Roma	no	no	no	no	no
844934219570827265	religion	no	no	no	no	no
844949525643104257	religion	no	no	no	yes	no
844953330933776384	Roma	no	no	no	no	no
844955896350412802	Roma	yes	weak	no	yes	yes
844981035087605760	religion	no	no	no	no	no
844984101874610176	religion	no	no	no	yes	no
844984163996446720	Roma	no	no	no	no	no
845017877992390656	religion	no	no	no	no	no
845024920639885313	religion	no	no	no	no	no
845159172169617408	religion	no	no	no	no	no
845180156612272128	religion	no	no	no	yes	no
845206581297991680	religion	no	no	no	no	no
845266866444652544	religion	yes	strong	weak	no	no
845304315862548480	religion	no	no	no	no	no
845304443017068544	religion	no	no	no	no	no
845381221236576256	Roma	no	no	weak	yes	no
845452122682544131	ethnic group	no	no	no	yes	no
845562500842184704	ethnic group	no	no	no	no	no
845574470316294144	Roma	no	no	no	yes	yes
845612572015558656	Roma	yes	strong	strong	no	no
845638444516827136	ethnic group	no	no	no	no	no
845638862995181568	religion	yes	strong	strong	no	yes
845667031848566785	religion	yes	weak	no	no	yes
845680110707585028	religion	no	weak	no	yes	no
845890925826072576	ethnic group	no	no	no	no	no
845936608012652544	religion	no	no	no	no	no
845987641803853825	religion	yes	weak	no	no	yes
846015700464472065	Roma	no	no	no	no	no
846028456962015234	ethnic group	no	no	no	no	no
846096380741476353	religion	no	no	no	no	no
846117428283260928	religion	no	no	no	no	no
846253938240376833	Roma	no	weak	weak	no	yes
846278429813157888	Roma	no	no	no	no	no
846345032114339840	religion	no	no	no	no	yes
846470524029091841	Roma	yes	strong	strong	yes	yes
846473461501440000	Roma	yes	strong	no	no	no
846480800812060672	Roma	no	no	no	yes	no
846639822844448768	religion	no	no	no	yes	no
846786986245607429	ethnic group	no	no	no	no	no
846856984280399872	religion	no	no	strong	no	no
846978641913434112	Roma	no	no	no	no	no
846992494957133824	ethnic group	yes	strong	weak	no	yes
846997605406162944	ethnic group	no	weak	no	no	no
847043681362305024	Roma	no	no	no	no	no
847116915789193217	ethnic group	no	no	no	no	no
847146179263709190	ethnic group	no	no	no	no	no
847175823668989954	religion	no	no	no	no	yes
847184835093389313	ethnic group	no	no	no	no	no
847196241020817409	religion	no	weak	no	no	yes
847337130401464320	Roma	no	no	no	no	no
847348525348212737	Roma	no	no	no	no	yes
847364440584409089	Roma	no	no	no	no	no
847381706310995969	religion	no	no	weak	yes	no
847396797924298752	religion	no	no	no	no	no
847404622222303235	ethnic group	no	no	no	no	no
847417280715603972	religion	no	weak	strong	no	yes
847425833216000001	religion	no	no	no	no	no
847431752704434179	religion	no	no	no	no	no
847437658791976960	religion	yes	strong	no	no	no
847443931264450560	ethnic group	no	no	no	no	no
847448050335326212	religion	yes	weak	no	no	yes
847498217964961792	ethnic group	no	no	no	no	no
847538042927820800	religion	no	no	no	no	yes
847544674235625472	ethnic group	no	no	no	no	yes
847545450559401986	religion	yes	weak	weak	no	yes
847563356370284548	ethnic group	no	no	no	no	no
847698253437050880	religion	no	no	no	no	no
847773762909065216	Roma	no	no	no	no	no
847791112341389312	religion	no	no	no	no	no
847791190007316480	religion	yes	weak	no	no	yes
847791214111764480	religion	no	no	no	no	no
847833316053184512	religion	no	no	no	no	yes
847857298584330240	Roma	no	no	no	no	no
847883618928271360	Roma	yes	weak	no	yes	yes
847899024480927744	Roma	yes	strong	strong	no	no
847973066756038656	religion	no	no	no	no	no
847996428131741697	ethnic group	no	no	no	no	no
848132110481272832	Roma	no	no	no	no	no
848181894504206336	ethnic group	no	no	no	no	no
848250001243426817	Roma	no	weak	no	no	yes
848393830554587136	ethnic group	yes	weak	no	no	yes
848418816824668161	Roma	no	no	no	no	yes
848419383240163328	Roma	no	no	no	no	yes
848470093042294785	Roma	no	no	no	no	no
848517751819956224	Roma	no	weak	no	no	no
848530486926479362	religion	no	no	no	no	no
848645557824499713	Roma	no	weak	strong	no	yes
848646425147834368	Roma	no	no	no	no	no
848651557608599553	Roma	no	no	no	no	no
848808771195473921	religion	no	no	no	yes	no
848897297106829312	religion	no	no	no	no	no
848924425907044352	Roma	no	no	no	no	no
848927037775425537	religion	no	no	no	no	no
848931448136531972	religion	no	weak	no	yes	no
848946797540241408	ethnic group	no	weak	no	no	yes
848953272941637636	religion	no	no	weak	no	no
848979457239023618	religion	no	no	no	no	no
848985509733044229	Roma	no	no	no	no	yes
848995632064933888	ethnic group	no	no	no	no	no
849039712031584257	Roma	no	no	no	no	yes
849141767425359873	religion	no	weak	weak	no	no
849156218572730368	religion	yes	strong	strong	no	no
849161037148545024	ethnic group	no	no	no	no	no
849164291035082753	religion	no	no	no	no	no
849171657075941376	religion	no	no	no	no	no
849173688821977088	ethnic group	yes	strong	no	no	yes
849179554665123840	ethnic group	no	no	no	no	no
849229507177439232	Roma	yes	strong	no	no	no
849298409739759616	religion	no	no	no	no	no
849322029358735361	religion	no	no	no	no	no
849334374868889601	Roma	no	no	no	no	no
849550311689728000	ethnic group	no	no	no	yes	no
849573624990228480	Roma	no	no	no	no	no
849575956700332032	Roma	no	no	no	yes	no
849617516909428736	Roma	no	no	no	no	no
849685319234596869	Roma	yes	strong	no	no	no
849707020341182469	Roma	no	weak	no	no	no
849725098030489600	Roma	no	no	no	no	no
849732800630620161	religion	yes	strong	no	yes	no
849775019865640962	religion	no	weak	no	no	no
849900443429986304	Roma	no	weak	no	no	yes
849909321920114688	Roma	yes	strong	no	no	yes
849920673082474498	Roma	yes	strong	no	no	yes
849924423222255616	Roma	no	no	no	no	no
849936998974574596	Roma	yes	strong	no	no	no
849959694852599809	Roma	no	no	no	yes	yes
849968973378715649	Roma	no	no	no	no	yes
849972938958938112	religion	no	no	no	no	no
849981459612008448	Roma	no	no	no	no	no
850016260792438785	ethnic group	no	no	no	no	no
850026212403687426	ethnic group	no	no	no	no	no
850074916451995651	religion	no	no	no	no	no
850109430586847232	religion	yes	weak	no	yes	yes
850198183766482944	religion	no	no	no	yes	no
850245576176287747	ethnic group	no	no	no	yes	no
850279698609438720	Roma	no	no	no	no	no
850279908521717760	ethnic group	no	no	strong	yes	no
850290882721042433	religion	no	no	no	no	no
850329895729324033	Roma	no	no	no	no	no
850333162702065664	Roma	no	no	no	no	no
850336609987952640	religion	no	no	no	no	no
850346194232594432	religion	no	no	no	no	no
850348752045039620	religion	no	no	no	no	no
850351201786974211	Roma	no	no	no	no	no
850356343068385280	Roma	no	no	no	no	no
850366617125101569	religion	no	no	no	no	no
850367564119068672	Roma	no	no	no	no	no
850403174322143234	Roma	yes	strong	no	yes	no
850409677615759363	religion	no	no	no	no	no
850419684528803840	religion	yes	strong	strong	no	yes
850422866684325889	Roma	no	weak	no	yes	no
850426828640702465	religion	no	no	no	no	no
850476486570192897	religion	no	no	no	yes	yes
850486979779321859	religion	yes	strong	weak	yes	no
850508177959473152	religion	no	no	no	no	no
850602446565126144	religion	no	no	no	no	no
850603310474301440	ethnic group	no	no	no	no	no
850618322072764416	religion	yes	strong	strong	no	yes
850620171463131139	religion	no	weak	no	no	no
850731297278312448	religion	no	no	no	no	no
850740078209060864	Roma	no	no	no	no	yes
850766625926246400	religion	no	no	no	no	no
850807870123909122	religion	yes	strong	strong	no	yes
850845099630231553	Roma	yes	weak	no	no	no
850992603986366464	religion	no	no	no	no	no
851007461930696704	religion	no	no	no	no	no
851022309444005888	ethnic group	no	no	no	no	no
851037078863347713	ethnic group	no	no	no	no	no
851041326783180800	ethnic group	no	no	no	no	no
851054437544194048	religion	no	no	no	no	no
851074581557325824	religion	no	no	no	no	no
851090444507381761	religion	no	no	no	no	no
851101703533408256	Roma	no	no	no	no	yes
851157914853277698	Roma	no	weak	no	yes	no
851188309695111171	religion	no	no	no	no	no
851311680055373825	religion	no	no	no	no	no
851332404379873280	Roma	no	weak	weak	no	yes
851347700293435392	religion	no	no	no	no	no
851354712448401408	religion	no	no	no	no	no
851381888191213568	religion	no	no	no	no	no
851399516456534016	Roma	no	no	no	no	no
851459908830670848	religion	no	no	no	no	no
851475627588952064	ethnic group	yes	weak	weak	no	yes
851477582856040449	Roma	yes	strong	strong	no	yes
851480109739651073	Roma	no	no	no	no	no
851495405959299077	religion	no	no	no	no	no
851502903030403075	Roma	no	strong	no	no	no
851515409509568513	Roma	yes	strong	no	yes	yes
851522197306912769	religion	no	no	no	no	no
851522460658917377	religion	yes	no	strong	no	yes
851535635399802881	Roma	no	no	no	no	no
851539441013358592	religion	no	no	no	no	no
851544535645777920	religion	no	no	weak	no	no
851561414720446465	religion	yes	weak	weak	no	yes
851701651740082177	ethnic group	no	no	no	no	no
851708401990152192	religion	no	no	no	no	no
851731288541339648	ethnic group	no	no	no	no	no
851783866352316417	religion	no	no	no	no	no
851901439131693057	religion	no	no	no	yes	no
851906322283016192	religion	no	weak	no	no	yes
851917087018823680	ethnic group	no	no	no	no	no
851929153838469121	ethnic group	no	no	no	no	no
852076513906147328	religion	no	no	no	no	no
852096741423927296	Roma	no	no	no	no	no
852105842598055937	ethnic group	no	no	no	no	yes
852112945391816704	ethnic group	no	no	no	no	no
852138571842682880	religion	yes	strong	strong	no	yes
852190502061563906	religion	no	no	no	no	no
852209662590148610	ethnic group	no	no	no	no	no
852214297929412608	Roma	no	no	no	no	no
852215287143428096	ethnic group	no	no	no	no	no
852419140275064832	ethnic group	no	no	no	no	no
852455272207536129	Roma	no	weak	no	no	yes
852461152751697921	ethnic group	no	no	no	no	no
852484030943690754	ethnic group	no	weak	no	no	yes
852495826064736256	Roma	no	no	no	no	no
852569857270743040	religion	no	no	no	no	no
852586310581800960	ethnic group	no	no	no	no	no
852600755500580864	Roma	no	no	weak	no	no
852621756032581632	religion	no	no	no	no	no
852757063075676160	ethnic group	no	no	no	no	no
852774899613483010	religion	no	no	no	no	no
852830118397452288	religion	yes	strong	strong	no	no
852832199413972992	Roma	no	no	no	no	no
852907969524240384	ethnic group	no	no	no	no	no
852921955707736065	religion	no	no	strong	no	yes
852950621842014209	Roma	no	no	no	no	no
852995570985840641	ethnic group	no	no	no	no	no
853037201340461056	religion	no	no	no	no	no
853108410795032577	religion	no	no	weak	no	no
853168519663329280	religion	no	no	no	no	no
853176973249662976	ethnic group	no	no	no	no	no
853235535552425984	ethnic group	no	no	no	no	no
853240662908710912	ethnic group	no	no	no	no	no
853245684811800576	ethnic group	no	no	no	yes	no
853255166862163969	ethnic group	no	no	no	no	no
853266782446026753	Roma	yes	weak	strong	no	yes
853293441970819072	religion	no	no	no	no	no
853318107552776195	religion	no	no	no	no	no
853345973669593088	religion	no	no	no	no	no
853539924393545728	religion	no	no	no	yes	no
853545751087120384	religion	no	strong	no	no	yes
853550287931486208	religion	no	no	no	no	no
853596780239388676	ethnic group	no	no	no	no	no
853620290643009536	religion	no	no	no	yes	no
853659371653529600	religion	yes	strong	no	no	yes
853678498732441600	Roma	no	no	weak	no	yes
853706781503229952	ethnic group	no	no	no	no	no
854025820666462209	ethnic group	no	no	no	no	no
854034930304774144	ethnic group	yes	weak	no	no	no
854045565813960704	religion	no	no	no	no	no
854058219320332289	religion	no	no	no	no	no
854186879180210176	ethnic group	no	no	no	no	no
854233058693832704	ethnic group	no	no	weak	yes	no
854233182350303232	ethnic group	no	no	no	no	no
854284530420768769	ethnic group	no	no	no	no	no
854318761863761920	ethnic group	no	no	no	no	no
854407915444334592	ethnic group	no	weak	no	no	no
854585947131871232	ethnic group	no	no	no	no	no
854642554553245696	ethnic group	no	no	no	no	no
854672310460182529	Roma	yes	strong	strong	no	yes
854678323422691332	Roma	no	no	no	no	no
854752934696976387	ethnic group	no	no	no	no	no
854754452376625152	Roma	yes	no	no	no	no
854767083627982848	Roma	no	no	no	no	yes
854769444555542529	ethnic group	no	weak	no	yes	no
854777171142946823	ethnic group	no	no	no	no	no
854777826570096647	religion	no	weak	strong	no	yes
854997517930508288	ethnic group	no	no	no	no	no
854999525173448704	religion	no	no	no	no	no
855016966054187008	religion	no	no	no	no	no
855096241574875137	ethnic group	no	no	weak	no	yes
855154441003167745	religion	yes	weak	no	no	yes
855159601221783552	religion	no	weak	no	no	no
855171882169114624	religion	yes	weak	no	no	no
855174216311865344	religion	yes	strong	no	no	no
855182997431226369	religion	no	no	no	no	no
855207356162076672	religion	no	no	no	no	no
855316856525148163	religion	no	weak	no	no	no
855330315325194241	ethnic group	no	no	no	no	no
855337475073376257	religion	no	no	no	no	no
855345649729941504	religion	no	no	no	no	no
855350332439883778	Roma	no	no	no	no	no
855351591578341376	religion	no	no	no	no	no
855376726096048129	religion	no	no	no	no	no
855391453329182720	ethnic group	no	no	no	no	no
855402970187538432	religion	no	weak	no	yes	no
855447574236483584	religion	no	weak	no	no	no
855466103123959809	ethnic group	no	no	no	no	no
855495343932407808	religion	no	no	no	no	no
855505452750209024	religion	no	no	weak	yes	no
855507890668490753	religion	yes	no	no	no	yes
855635234238410752	ethnic group	no	no	no	no	no
855644279598981120	Roma	no	no	no	no	no
855663990059433984	Roma	no	weak	strong	no	yes
855690398425112576	Roma	no	no	no	no	no
855692896200032256	ethnic group	no	no	no	no	no
855707013468364800	religion	no	no	no	no	no
855752611894624256	religion	yes	no	no	no	yes
855754280791396352	ethnic group	no	no	strong	no	no
855766880497389568	Roma	no	no	no	no	no
855768711898308610	ethnic group	no	no	no	yes	no
855807480097406977	ethnic group	no	no	strong	no	yes
855848252415062017	ethnic group	no	no	no	no	no
855896334817165314	ethnic group	no	no	no	no	no
856055240830971904	ethnic group	no	no	no	no	no
856064924052848641	ethnic group	no	no	no	no	no
856093936556941312	religion	no	weak	weak	no	no
856164932714459136	ethnic group	no	no	no	no	no
856194450309206018	ethnic group	no	no	no	no	no
856213656895442944	religion	no	no	no	no	no
856230291056340994	ethnic group	no	no	no	no	no
856256790220218369	religion	no	no	no	no	no
856392360900665344	religion	no	no	no	yes	no
856478911923986433	religion	no	no	no	no	no
856493762750664704	Roma	no	no	no	no	yes
856496715825917953	Roma	no	no	no	no	yes
856499691898490880	ethnic group	no	no	weak	no	no
856556101625688066	ethnic group	no	no	no	no	yes
856583583145840640	religion	no	no	no	no	no
856587915484438532	religion	no	no	no	no	no
856596187067150336	ethnic group	no	no	no	no	no
856753506912436224	Roma	no	no	no	no	no
856760346643767296	religion	no	weak	no	no	no
856801181154332672	religion	yes	strong	no	no	yes
856838993673105409	ethnic group	no	no	no	no	no
856851306744512512	religion	yes	no	no	yes	yes
856894184241934336	ethnic group	no	no	no	no	no
856906786607161345	ethnic group	no	no	no	no	no
856906801887010819	ethnic group	no	no	no	no	yes
856924597995941888	Roma	no	no	no	no	no